0001,酒水饮料,皇家拿铁：享受牛奶的醇厚与奢华
0002,个护美妆,自然、健康、融合白玉兰花的精华
0003,食品生鲜,使用青森县产的苹果制作糖浆，
0004,酒水饮料,歌唱自由，麦尔特的演奏会定制
0005,酒水饮料,仿佛将茶叶的生命力完整凝缩其中，口感浓郁
0006,电子数码,成为您炫耀的方式
0007,个护美妆,在太阳下运动的人说：“绝对不能在一天里晒黑。”
0008,食品生鲜,北海道草莓冰激凌-北海道乳原料低温直送
0009,酒水饮料,脉动由我
0010,个护美妆,夏日，给肌肤送去清爽
0011,食品生鲜,葡萄冰激凌-连皮的口感都很好哦
0012,个护美妆,专门针对干燥肌肤，采用大米精华、美白保湿
0013,酒水饮料,冰凉爽口！三倍纯果汁，零糖零添加剂健康
0014,酒水饮料,一番酿造、灌注初心，精选第一道麦汁，打造原生口感
0015,酒水饮料,选用温州蜜柑，果汁含量99%，无香精、无防腐剂
0016,酒水饮料,天然零糖无添加
0017,酒水饮料,乳果说：双拼水果酸奶-爱“拼”才好喝
0018,食品生鲜,蔓越莓重乳酪芝士蛋糕：美味绝配
0019,酒水饮料,品质生活，从此开始
0020,食品生鲜,秋天野菜，很美味！
0021,电子数码,音色哲学，品质高级
0022,个护美妆,Dior面霜-滋养保湿、弹润饱满
0023,食品生鲜,鸡蛋三明治：一口满足你的味蕾
0024,酒水饮料,抹茶的清新加一份牛奶的丝滑，与冰块与搅打稀奶油搅拌出特有的清爽
0025,食品生鲜,冰激凌的甜美融入巧克力的松脆
0026,酒水饮料,无添加，还原水果天然的美味
0027,酒水饮料,黑糖风味，Q弹浸润奶茶果冻
0028,食品生鲜,品味水果的纯净甘甜
0029,酒水饮料,无糖无嘌呤清爽鸡尾酒
0030,酒水饮料,清爽可口，高级的味道
0031,食品生鲜,健康自然，轻糖无压力
0032,酒水饮料,理想中的奢华果汁饮料
0033,服饰鞋包,连衣裙，舒适怡人，符合女性的需求
0034,个护美妆,Dior-您的首席护理师
0035,服饰鞋包,时尚有型，炸街的不二选择
0036,电子数码,从未有过的听感体验
0037,电子数码,一天只需充一次电
0038,电子数码,沉厚音色，沉浸体验
0039,百货,极简主义
0040,电子数码,在生活中发现美
0041,个护美妆,光之源
0042,酒水饮料,多样选择
0043,个护美妆,还你肌肤光泽感
0044,个护美妆,微光，羽毛般丝滑
0045,个护美妆,牛奶般丝滑，光感肌肤
0046,个护美妆,玫瑰精华
0047,个护美妆,敏感肌专用
0048,酒水饮料,酸甜青柠口味
0049,酒水饮料,夏日冰爽苏打
0050,服饰鞋包,不止有跑鞋，春季特卖
0051,个护美妆,深层补水，促进胶原蛋白新生
0052,电子数码,全新升级，幻影紫魅动你心
0053,百货,我想请你帮我做一件事
0054,电子数码,华为、徕卡联合设计，重构想象
0055,电子数码,华为、徕卡联合设计，重构想象，光影雕琢，聚美于环，多款配色任你选择
0056,电子数码,华为、徕卡联合设计，重构想象
0057,电子数码,华为、徕卡联合设计，重构想象
0058,电子数码,你比夜色更美
0059,电子数码,揭秘游戏霸权
0060,电子数码,生而强悍
0061,个护美妆,艺术融合，植物芬芳
0062,百货,一口好烟，如此简单
0063,百货,一口好烟，如此简单
0064,百货,徕米能顺喉，草本薄荷雾化开创者
0065,百货,一口好烟，如此简单
0066,服饰鞋包,英伦风范，新款上市
0067,个护美妆,高贵的善良精华乳霜
0068,个护美妆,添加发酵大米，体现透明感光泽肌肤
0069,个护美妆,深海提取物，还您晶莹润滑的肌肤
0070,活动,黑暗骑士，电影首映特价
0071,电子数码,真硬核，玩尽兴，赛博朋克、奇幻森林，极地阳光
0072,电子数码,3D触摸屏幕，触感丝滑
0073,个护美妆,探索肌肤长寿的秘密
0074,电子数码,智能拍摄，年轻选择
0075,个护美妆,针对亚洲女性肌肤，夜间全面修护
0076,服饰鞋包,新品男鞋上线，低至三折
0077,电子数码,超变焦，超高速
0078,个护美妆,抗老解决方案，专业男士护肤
0079,个护美妆,抗老修复，年轻的选择
0080,个护美妆,美白精华，亮白科技
0081,食品生鲜,厨房美食家，冷鲜肉三件85折
0082,食品生鲜,智利三文鱼排，超级单品日
0083,食品生鲜,寻鲜修行记，水果促销
0084,食品生鲜,鲜果狂欢季，领券满减
0085,酒水饮料,感受咖啡香浓意境
0086,食品生鲜,智利牛油果，入口醇香，回味清香不腻
0087,食品生鲜,解忧杂货铺，周末解忧，零食小酒
0088,食品生鲜,时令鲜果，水果自由
0089,食品生鲜,海鲜水产，新鲜到家，湖吃海喝争霸赛
0090,食品生鲜,安全肉品放心选购，食荤者，无肉不欢
0091,食品生鲜,寻味福建古田鲜银耳特卖
0092,食品生鲜,两人即可成团
0093,食品生鲜,精选安心肉铺，全程冷链极速配送
0094,酒水饮料,樱花可口可乐首发上线，与你邂逅樱花雨的浪漫
0095,个护美妆,狂欢好礼送不停
0096,服饰鞋包,春季上新，演绎春天的潮流时尚
0097,食品生鲜,饕餮海鲜吃过瘾雪花鲳鱼买一送一
0098,电子数码,阳春三月电脑特惠场
0099,家用电器,给予米饭新生，御膳新时光，用美诠释经典
0100,家用电器,恰饭时代，煲出美好时光
0101,家用电器,不仅好豆浆，豆浆倍浓花色多，浆粥糊汤样样行
0102,个护美妆,茉莉雪肌，难以抗拒
0103,个护美妆,全新小黑瓶家族，肌底呵护，拥有年轻肌肤
0104,个护美妆,微修护系列，兰蔻邀您进入全新修护时代
0105,个护美妆,新立体塑颜系列，独特科技，关键技术，收紧肌肤
0106,个护美妆,水份缘系列，王牌补水，舒缓镇静，持久保湿
0107,个护美妆,根源能量系列，汲取大自然绿色能源，为肌肤注入能量，年轻有活力
0108,个护美妆,尽情美丽，尽享兰蔻开年盛典
0109,电子数码,为逼格而生，运动手环，时尚和体验结合
0110,电子数码,完美音效，折叠蓝牙无限耳麦
0111,个护美妆,你想变得美吗？水能量，肌肤弹润
0112,个护美妆,北极冰泉保湿面霜，体验非凡水润保湿力
0113,活动,小家电建模渲染全解析
0114,电子数码,50倍超稳远摄
0115,电子数码,50倍超稳远摄，流光幻镜开售
0116,电子数码,超薄柔性屏幕，多焦段四摄，轻薄手感
0117,家用电器,无油低脂炸，轻食任性吃
0118,家用电器,多功能便携养生壶，限时低价
0119,家用电器,格力低糖饭，吃出好体态
0120,百货,北鼎珐琅铸铁锅，厨房小白也能轻松上手
0121,百货,便携迷你保温杯，可提可背，轻巧随性
0122,个护美妆,淡雅清闲，肌肤细嫩透白
0123,家用电器,格调水壶，让我住进你的家
0124,家用电器,俊逸洁面
0125,家用电器,破壁无渣免滤
0126,家用电器,智能预约，豆粉两用
0127,家用电器,快速暖奶，持久恒温
0128,家用电器,无油邂逅小食光
0129,家用电器,涮烤一体锅，无烟速烤
0130,个护美妆,心动夏日，发丝无油走花路
0131,电子数码,新品上市，第四代光电屏幕指纹
0132,电子数码,全速旗舰，一触即发
0133,活动,物联世界，共创未来
0134,家用电器,二月福利，甜蜜好礼
0135,家用电器,原汁机的革命，小巧约如可乐瓶
0136,家用电器,极简轻奢，精致从齿开始
0137,家用电器,多功能低糖电饭煲，轻食悦身，口感不减
0138,家用电器,智能即热，饮水吧，生活美，简约美
0139,电子数码,超强电力，超久续航
0140,电子数码,3A快速USB C充电接口，支持快速充电
0141,家用电器,三合一料理焕颜盅，滋润胶养，百变食光
0142,电子数码,升级新快充数据线，耐用快充不伤机
0143,食品生鲜,奶油香甜混合焦糖脆片，口感丰富
0144,家用电器,蒸饭新科技，米饭香而不甜，低糖低热量
0145,家用电器,迷你小烤箱，复古网红款
0146,家用电器,煮饭煮粥，复古萌煲
0147,家用电器,比小更小，便携极简高颜值
0148,家用电器,大容量，满足全家不同需求
0149,家用电器,轻音纤薄，破壁新科技
0150,家用电器,AI变频空调，AI语音人感版，全屋暖场，智慧运行
0151,家用电器,颜值小清新，征服少女心
0152,家用电器,多功能电煮锅，随时享受轻厨乐趣
0153,家用电器,专为小空间设计，小身材低噪音低能耗小夜灯
0154,家用电器,会喝比会化妆更重要
0155,个护美妆,完美男友，独你无二
0156,家用电器,新年狂欢购，净彩不停歇
0157,个护美妆,注氧星品告白，与年轻肌肤SAY HI
0158,个护美妆,双11来啦，高能预售抢先购
0159,食品生鲜,纯米粉制作，香浓可口又健康
0160,百货,酷炫小恐龙，儿童大头杯
0161,家用电器,德国奶瓶消毒器，为宝宝健康而生
0162,家用电器,紫外线奶瓶消毒柜
0163,家用电器,摩登迷你，即热开水机
0164,百货,小黄鸭联名款，儿童胶囊杯
0165,百货,小旋风大容量，儿童旋风杯
0166,个护美妆,瞬吸无感，免穿内裤
0167,家用电器,智能垃圾桶，钢板烤漆，真材实料
0168,家用电器,智能即热，饮水吧，生活美，简约美
0169,家用电器,积尘一洗如新，时刻闪耀吸睛
0170,个护美妆,银离子婴幼儿湿纸巾
0171,食品生鲜,把健康带回家，年货节来啦
0172,个护美妆,舒适于芯，自在于身
0173,个护美妆,女王睛彩，由我眼绎
0174,个护美妆,改善7大岁月问题，25岁起赢得漂亮
0175,服饰鞋包,穿搭秘籍，新品上线，焕新夏日
0176,家装家居,限时折扣 618狂欢日
0177,个护美妆,镜面水彩春游，玩转法式浪漫
0178,个护美妆,耀白美肌，始于防晒
0179,百货,薄荷清凉，纵享丝滑
0180,个护美妆,添加精油香气，尽享发丝芬芳
0181,酒水饮料,充满你的能量
0182,电子数码,给你更简单的未来
0183,电子数码,发现更多美
0184,服饰鞋包,给你最好的运动体验
0185,个护美妆,花之精粹
0186,个护美妆,水润修护，给你润滑手感
0187,个护美妆,像淡水墨画一样干净正直
0188,个护美妆,深层滋养，专业修护
0189,个护美妆,清爽滋养，柠檬香气
0190,个护美妆,樱花滋养，青春靓丽
0191,酒水饮料,清透鲜辣，给你美好的一天
0192,个护美妆,细胞重生，还您青春活力
0193,酒水饮料,夏日清凉限定，柠檬清香
0194,食品生鲜,厚切红薯，刚刚好
0195,酒水饮料,连续两年，销量最高，清爽醇香
0196,服饰鞋包,纵横连衣裙，舒适居家
0197,食品生鲜,奶油布丁，限定尊享美味
0198,酒水饮料,浓厚口感，皇家风味
0199,个护美妆,唇部美容液，深层滋养
0200,活动,首获额度，量大福利等你pick
0201,家用电器,九阳电压力锅，一锅双胆，大容量
0202,活动,国学入门课，童蒙养正必读经典
0203,活动,学编程，让孩子更聪明
0204,个护美妆,年度爆款，超值抢购，超肌能紧致活肤霜
0205,个护美妆,欧缇丽葡萄水保湿舒缓爽肤水
0206,家用电器,家电好物抢购日
0207,家用电器,在家也能做造型，恒温护发，快速干发
0208,电子数码,高清全面屏，轻薄便携
0209,电子数码,走过的路看得见
0210,电子数码,全自动指纹锁，安全防盗智能识别
0211,个护美妆,立体轮廓，自然不显脏，百变柔雾塑颜高光
0212,个护美妆,紧致水霜，整套提拉紧致肌肤
0213,个护美妆,轻嗅木兰，曼妙相伴
0214,食品生鲜,速食健康有营养
0215,食品生鲜,低卡零糖，美味放心吃
0216,服饰鞋包,超软气垫，随心弹跳
0217,服饰鞋包,更多款式，尽在双十一
0218,酒水饮料,茶叶清香，一口感受大自然的清香
0219,食品生鲜,给你的萌宠美味健康
0220,食品生鲜,纯果汁，清爽一夏
0221,服饰鞋包,给家萌娃，时尚焕新
0222,个护美妆,植物精粹，给你自然清爽
0223,个护美妆,新一代粉底液，给您肌肤新质地
0224,个护美妆,预见七夕，为爱而妆
0225,酒水饮料,牛奶与水果的碰撞，带来新鲜健康
0226,百货,礼物胜过千万言语
0227,服饰鞋包,跑步会场，尖货云集，肆意去跑
0228,服饰鞋包,聚划算，夏季新款
0229,食品生鲜,蛋糕时间到，一口松软甜蜜
0230,酒水饮料,特选精品，深度烘培，每日清晨来一杯
0231,食品生鲜,低卡低热量，美味放心吃
0232,酒水饮料,健康蔬果，清爽一夏
0233,酒水饮料,超级绿色，健康营养又美味
0234,酒水饮料,梦幻芒果汁，开启甜蜜新生活
0235,酒水饮料,coconut椰子永远的神
0236,家装家居,舒适时尚家居，焕动你家
0237,食品生鲜,双倍巧克力咖啡，口感层次丰富
0238,服饰鞋包,三层弹力支撑，运动有活力
0239,酒水饮料,青苹果口味，还你夏日气氛
0240,酒水饮料,野生草莓，甜蜜夏日
0241,食品生鲜,健康营养，坚果与麦片的奇妙碰撞
0242,酒水饮料,草莓蓝莓，随心组合
0243,酒水饮料,水果风味，谁说西瓜只能是夏天的水果
0244,服饰鞋包,秋季新品全场折扣，甜美少女
0245,家装家居,质感生活，居家好物
0246,食品生鲜,心随心动，情动告白
0247,服饰鞋包,超级大牌狂欢，春夏新品
0248,服饰鞋包,经典女士裙子，夏末五折起
0249,服饰鞋包,纯灰的艺术，夏季新品上市
0250,服饰鞋包,温和优雅，新品体验
0251,个护美妆,芬芳自由，看得到的滋养，优雅真我
0252,服饰鞋包,玩味秋季，暖白毛衣
0253,服饰鞋包,世界是你的，美饰看World
0254,服饰鞋包,萌娃开学季，全场三折起
0255,家装家居,全民家装，质保三年
0256,百货,天天有好礼，每天十点秒杀开启
0257,活动,月满中秋，有礼团圆
0258,服饰鞋包,夏日新品，会员全场五折起
0259,家装家居,高质量人类家居
0260,百货,感恩父亲节，全场四折起
0261,食品生鲜,新鲜美味，高质量烘焙
0262,活动,双11，全球狂欢节，五折封顶
0263,活动,浪漫七夕，我们相爱吧
0264,活动,圣诞狂欢节，全场五折起
0265,活动,圣诞快乐，全场五折起
0266,活动,让世界名校，为你转身
0267,活动,双12来啦，全场两天，买一赠一
0268,活动,年终盛典，全场商品五折促销
0269,活动,双11来啦，好货提前抢，狂欢节囤货
0270,活动,圣诞节快乐，开业盛典，感恩钜惠
0271,活动,享受春日浪漫
0272,活动,年货节，会员卡享受积分优惠
0273,活动,双12来啦，全民总动员，全场五折
0274,活动,夏季狂欢购，限时折扣聚会不断
0275,活动,花好月圆，情满中秋
0276,活动,国庆出游季
0277,活动,七夕遇见你，浪漫七夕，全场五折起
0278,活动,立秋，中国传统24节气
0279,活动,中秋有豪礼，全场五折起
0280,服饰鞋包,夏季新品直降，领券满减
0281,酒水饮料,爆爽爆好喝，新品五折
0282,活动,国际猫咪日，爱护猫咪，从你我做起
0283,家装家居,北欧格调，全场下单有折扣
0284,活动,肆意青春，羽你同行
0285,活动,汽水降低的温度，是夏日的奇遇
0286,食品生鲜,探店人气麻辣烫
0287,活动,火热夏季大促销
0288,个护美妆,集美们快快下单，爆款买二送一
0289,活动,99划算节，欢聚盛典，一降到底
0290,服饰鞋包,品质好包，大厂正品，质量保证
0291,活动,尖货闪亮登场，限量抢购
0292,活动,精致过年，跨店满减，年货合家欢
0293,服饰鞋包,刷新你的时髦度，
0294,活动,登峰“造”极，全场包邮
0295,活动,99大促，满减不封顶
0296,活动,99超值预售，看直播抢大额券
0297,活动,春风十里不如你，新品全场包邮
0298,活动,做你的圣诞老人，今夜下单的包裹免运费送
0299,活动,多些陪伴，不止今天
0300,活动,给你万千宠爱，献礼女神节
0301,活动,最美好的事便是与你相遇
0302,家用电器,清风徐来，风力十足，安静省电
0303,个护美妆,双十一，国潮复兴
0304,个护美妆,美丽蜕变正当时，国货美学
0305,个护美妆,凝萃古今，鲜活亮肤
0306,活动,嗨造到底，跨店满减
0307,服饰鞋包,新品热卖，全场八折起
0308,服饰鞋包,文艺主义，全场领券满减
0309,服饰鞋包,品牌狂欢季，会员专享88折
0310,百货,童年好伴侣，限时特惠价
0311,服饰鞋包,春日梦想，全场八折起
0312,活动,中国制造，年轻就要有态度
0313,个护美妆,母婴专场，99元任选3件
0314,活动,狂暑季，品牌日，全场第二件半价
0315,服饰鞋包,五一萌娃出游，新品全场包邮
0316,活动,返校购置计划大促销 文具七五折
0317,活动,返场有戏，全场8折，再不买就涨价啦
0318,食品生鲜,宅家必屯，多种口味
0319,食品生鲜,即将发售，双12，下单买一送一
0320,食品生鲜,浪漫礼盒，新年特惠，全场八折
0321,活动,年终回馈，感恩返场，全场买三免一
0322,活动,1年1度1次1狂欢 买一送一！疯抢爆款
0323,食品生鲜,年货6折 大额红包抢不停
0324,活动,中秋团圆季，爆款买一送一
0325,活动,喜悦中秋，团圆佳节
0326,活动,国庆迎中秋，全场大酬宾，低至99元起
0327,活动,情溢中秋，感恩大促销满300减50
0328,食品生鲜,年货带回家，专区特惠
0329,活动,新年新气象，活力开启，99任选3件
0330,活动,美味提前定，全场满99减30
0331,食品生鲜,鲜意十足，新品上市，第二件0元
0332,食品生鲜,不负时光，暖心特惠，全场促销
0333,食品生鲜,深夜食堂，限量抢购
0334,食品生鲜,全球海鲜周，新鲜美味安心
0335,食品生鲜,美味小香菇，买二送一
0336,服饰鞋包,焕新一夏，夏日新品限时折扣
0337,活动,在线课程，随时随地，学无止境
0338,个护美妆,美白护肤水
0339,服饰鞋包,焕新一夏，新品上心
0340,个护美妆,加速吸收，完美护肤
0341,服饰鞋包,秋季新品发布会，新品八折
0342,活动,金融理财，股票信息全掌握
0343,服饰鞋包,我的秘密花园，夏款上新
0344,服饰鞋包,肌肤的秘密，舒适透气
0345,食品生鲜,麻汁拌面特惠，好吃不贵，赶快下单
0346,电子数码,开学换新机，优惠趁现在
0347,活动,双11 全球狂欢节
0348,活动,疯狂万圣节，全场五折
0349,活动,火拼双11，全场包邮
0350,活动,浓情中秋，全场包邮
0351,活动,每天都是情人节，全场五折
0352,活动,夏季清仓，满77减52，一起约惠
0353,活动,领跑新学期，教育培训班火热招生中
0354,活动,欢乐元宵节，团团圆圆过元宵，幸福一整年
0355,活动,新春大促
0356,活动,聚惠来袭，全场折扣
0357,活动,年终盛典双12特价
0358,活动,12.12 狂欢到底
0359,活动,全民狂欢购，双十二年终盛典
0360,活动,双十二年终盛典，一年仅一次
0361,活动,全民狂欢购，双十二年终盛典
0362,活动,聚惠来袭，全场折扣
0363,活动,岁末放价，年终团购，错过等一年
0364,活动,甜蜜七夕，尽享好礼
0365,活动,圣诞快乐，圣诞感恩钜惠
0366,服饰鞋包,618新品上限
0367,家装家居,精美懒人椅，慵懒时光，日系风
0368,服饰鞋包,清爽穿搭，夏日较量，拒绝乏味
0369,食品生鲜,胖墨鱼芝士包，咸面包赛高！
0370,食品生鲜,枫糖土司，半价开售
0371,活动,夏款新品全场包邮
0372,家用电器,智能芯片，持久续航，专业级精准
0373,活动,轻松掌握数据分析，15天入门集训课
0374,活动,新物种集结，神物出没，一起造作！
0375,服饰鞋包,夏季上新，2件8折
0376,服饰鞋包,春光乍泄，新品买3免1
0377,服饰鞋包,时尚有型，新品全场包邮
0378,服饰鞋包,买一赠一，时尚穿搭仅限今日
0379,服饰鞋包,商务男装、换季上新
0380,活动,爆款清单，大促销
0381,活动,618，年中大促，限时秒杀
0382,活动,618，年中大促，限时狂欢
0383,活动,你尽管逛，买贵算我输
0384,食品生鲜,冬季进补，仅限今日
0385,服饰鞋包,寻梦记，和你一起变好看，会员专享折扣
0386,服饰鞋包,夏日尚新，简约时尚，雅致情怀
0387,服饰鞋包,春上新，2件8折
0388,百货,夏日必备百货清单，防暑降温，当季热销
0389,服饰鞋包,夏日运动，时尚来袭，全场运动套装满200减30
0390,服饰鞋包,七夕 大胆表白，下单2件8折
0391,个护美妆,新店开业，入会有礼
0392,食品生鲜,大牌月饼礼盒，下单即送好礼
0393,酒水饮料,青柠冰爽气泡水，爆爽爆好喝
0394,活动,力争上牛
0395,活动,地产实时速报已送达
0396,活动,5G的应用场景
0397,活动,浓情端午，感恩回馈
0398,服饰鞋包,时尚优雅，等你来试
0399,活动,解密创新之道，标杆企业这么做
0400,活动,88会员福利日，会员积分可兑换大额优惠券
0401,服饰鞋包,Just Do It
0402,个护美妆,日暮时分，致神秘性感的你，旷野男士香氛
0403,食品生鲜,醇厚汤汁，滑嫩鲜美，劲道
0404,酒水饮料,总有一天会有某个人、某件事物让我停下来，就像星巴克咖啡一样
0405,电子数码,摄影不只是按快门，而是记录真实的世界，像素对焦
0406,家用电器,独奏Solista智能炒菜机，让做饭变得很简单
0407,家装家居,为你带来最好的居家体验
0408,百货,取自植物精华，亲肤护手补水
0409,活动,Halloween Party，万圣节派对
0410,服饰鞋包,30%折扣，今日特卖
0411,个护美妆,橙子爽肤水，青草的味道，少女的第一瓶水
0412,食品生鲜,超好吃，马卡龙甜品，用心制作每一份甜蜜
0413,酒水饮料,柠檬口味，酸爽可口，超好吃果汁
0414,个护美妆,轻盈薄润，持久滋润
0415,家用电器,可爱猫咪，清凉一夏
0416,食品生鲜,香甜酥脆，午饭一杯就够了
0417,酒水饮料,超好吃综合果蔬饮品，玉米菠萝柠檬，健康全营养
0418,活动,春接福，福来到
0419,服饰鞋包,自在有余，不止一面
0420,个护美妆,修护焕新，能量之水
0421,食品生鲜,GODIVA，开启初恋邂逅；GODIVA，开启浪漫悸动；GODIVA，开启热恋滋味
0422,酒水饮料,超清爽油柑椰，双重清爽，出涩回甘
0423,电子数码,音色纯净，专业，出色表现，作为M系列系列中最受好评的款式为最关键的音频专业人士提供了无与伦比的体验。
0424,家用电器,旋风剃净，无须隐藏
0425,家装家居,家装折扣季，全场四折起
0426,百货,蓝月亮深层洁净洗衣液，护衣护色，低泡易漂
0427,活动,夏日音乐季
0428,服饰鞋包,清仓献礼·春，热卖爆款，四折起
0429,个护美妆,夏日洗护2折起，立即开抢，女乃清爽柔顺洗发露
0430,食品生鲜,初心酸奶，绵软柔滑
0431,酒水饮料,上新 两箱八折，清爽一下，柠檬味汽水
0432,电子数码,原配定制 懂你所需，无痕曲面屏钢化膜
0433,家用电器,超离子电吹风 2021秋季首售
0434,家装家居,极致生活 爱家·爱生活
0435,百货,冬季上新，可爱童趣，装饰你的娃娃，童年最好的陪伴
0436,活动,双11来啦 华为爆款预售 各类好货 活动时间：11.1-11.11
0437,服饰鞋包,FASHION 秋季儿童服装 满300-30 立即抢购
0438,个护美妆,黄金双萃精华 抗老维稳 紧致透亮 双11预售 抢先加购 
0439,食品生鲜,满98-28 爆款好菜火热疯抢 进口生鲜 立即抢购 healthy 100%natural
0440,酒水饮料,AriZona 西瓜味 纯天然果汁一口喝到西瓜
0441,电子数码,销量冠军 录音师专业版 现价¥2718元 wireless
0442,家用电器,咖啡时光 理想的慢生活 咖啡机全场每满300减30 下单即有好礼 立即抢购 
0443,家装家居,北欧羽绒布艺沙发 SOFA 体验舒适 享受生活
0444,个护美妆,海量美妆百货 尽在淘宝618 立即下单 活动时间：6.18-6.28
0445,活动,潮流狂欢节 优惠看这里 满300减30 满600减60 满900减90 立即抢购
0446,服饰鞋包,时尚配饰，每周上新
0447,个护美妆,宝格丽晶彩系列，专属定制，奢华上线
0448,食品生鲜,绿豆糕 细腻绵润绿豆清香
0449,酒水饮料,桃源眷村米酿 >0.5度喝起来甜甜的 到手价79/瓶
0450,电子数码,聆醇音享静界 SONY WH-1000XM4 头戴式无线降噪耳机 ¥1768
0451,家用电器,静音加湿 超大雾量 280ML/H4L 36L
0452,家装家居,11.1抢先购 家装精选 全场付定金立减 10。10-10.30抢先下定
0453,百货,调味分格 美味加倍 北欧风调味罐三件套 预售价59
0454,个护美妆,双11抢先购 美妆专场 领券享满800减80 10.20起，预售开抢
0455,服饰鞋包,新设计，新风尚
0456,个护美妆,金致甄颜面霜，抗老，精致，滋润，玻尿酸，长效保湿
0457,食品生鲜,芝士后切牛肉堡，劲爆特价
0458,酒水饮料,原榨橙汁，新鲜，干净，美味，健康
0459,电子数码,青春最强音，满3000减300
0460,家用电器,爱家投影仪，高清画质，如临其境
0461,家装家居,北欧轻奢沙发，给你一个最温馨舒适的家
0462,百货,纯棉亲肤毛巾，多彩热销中
0463,活动,期末冲刺课活动，期末通关秘诀，考前冲刺名师课
0464,服饰鞋包,clothes竹枝词/清雅汉服 新品来袭/
0465,个护美妆,水密码补水明星组合 补水更锁水 缔造轻盈润泽的肌肤 天然洁净 温和不刺激 融入原生态冰山矿泉 日夜水润不间断 洁肤精霜+美容液 精华乳液+眼部精华+锁水睡眠面膜
0466,食品生鲜,优享美味每一天 50%off
0467,酒水饮料,限时特价￥15 满杯西柚 70%off new drinks
0468,电子数码,MacBook 触摸到的就是真实的
0469,家用电器,飞越科技 飞跃剃须刀 shaver 2021 重磅出击
0470,家装家居,灰暖调系列 家装设计周 床品专场 the bed 极简
0471,个护美妆,NEW暖冬洗护套装，满200减15
0472,活动,服装购物节 521为爱放价
0473,服饰鞋包,aw2016秋冬上新，时尚新品，正式而不失优雅
0474,个护美妆,迪奥小姐，繁花芳息，唤醒感官，缤纷花朵层叠盛放，迪奥小姐以繁花芳息呈献非凡嗅觉体验。
0475,食品生鲜,超级芝士汉堡，惊动你的味觉
0476,酒水饮料,让我们一起可口可乐！
0477,电子数码,静芯聆听；智能降噪；WH-1000XM3；头戴式无线降噪耳机
0478,家用电器,谷歌智能蓝牙音箱；shock — surround — stereoscopic — Subwoofer；google home；·支持ios/安卓 Google Assistant wifi网络连接 提供技术与指导使用
0479,家装家居,new everylweer；极致·简约；新品上市；立即抢go；get the stripe sashay
0480,百货,简约时尚·经典百搭；日式风，用素净展现你食物的美好；感受弥漫在空气中的温情，亲切自然让你享受每一次用餐
0481,活动,新年快乐，新春祝福，幸福健康每一天
0482,服饰鞋包,时尚都市
0483,个护美妆,珍珠精粹，给你肌肤亮泽弹润
0484,食品生鲜,泡一泡更有味道 Rice Nodle making workshop delicious noodles
0485,酒水饮料,orange water fresh juice 100%鲜果压榨 还原大自然最原始的味道
0486,电子数码,悦动双耳，超强降噪
0487,家用电器,智能常温 国庆节满200减30 2色可选 
0488,家装家居,北欧风格 五折优惠 品牌大促 感谢特惠
0489,酒水饮料,2021.11.11 咖啡时光 理想慢生活 全场满300减30 下单有好礼
0490,活动,狂欢音乐节 音乐潮流季 2021 10 20 ELECTRIC ROCK，电音
0491,服饰鞋包,新势力周，秋冬新款60%OFF
0492,个护美妆,抗老化妆品套盒，护肤盛宴 奢护肌肤 尊享四重奢礼 总价1900¥ 01 瑞士冰川水，冰川矿物深入肌肤 焕亮肤色，02高山植萃提取物，加乘防衰修护 胶原焕活，03雪绒花提取物，卓效防雨修护 肌源焕新，04 海索草提取物，细腻平滑肌肤 促进肌肤年轻
0493,食品生鲜,"GOOD FOOD,GOOD MOOD好食物 好心情 八折促销 进店有好礼 轻食新主义"
0494,酒水饮料,珍珍茶茶 100% 夏天，从这一杯开始
0495,电子数码,JBL TUNE 750BTNC 无线耳机可提供强大的纯正 低频音效， 可有效消除噪声，主动降噪技术可有 效消除噪声，为您打造沉浸式音频体验。 
0496,家用电器,有小熊电器陪伴的每一天 有轻松愉悦的品质生活
0497,家装家居,天猫双十一 装扮理想家 尾款加享 跨店每满¥200减¥300
0498,活动,夏季狂欢购 折扣/满减/赠礼 活动时间 10月24日-10月26日
0499,活动,玩物集市 PLAY MARKET 周五 2021/10/20 上海
0500,服饰鞋包,Air Force ONE 599 The choice of a new generation，新时代的选择
0501,个护美妆,SK-II 天然精华 焕发美丽 全新精华套装 点击购买beautiful woman
0502,食品生鲜,美味乐欢享 培根披萨 pizza 限时优惠
0503,酒水饮料,STARBUCKS Nice coffee BUY Frappuccino 星巴克星冰乐摩卡咖啡饮料
0504,电子数码,未来，触手可及。Apple iPhone X 抢先预订 2021
0505,电子数码,聆听精彩 优惠价：399元 JBL高质音箱 MUSIC 2021
0506,家装家居,2021 Furniture 全场七折优惠 BUY nice furniture，精彩家居，等你来购
0507,百货,品质生活 全场七折 磁盘套装秒杀价49.9 
0508,活动,潮流新趋势 跨店满减 2021.7.7-2021.11.5 Fashion Day
0509,服饰鞋包,秋冬上新，限时优惠
0510,个护美妆,爱马仕橘彩星光淡香氛开启绚彩奇境
0511,食品生鲜,ICE-CREAM WITH RICH CHOCOLATE，一口丰富巧克力
0512,酒水饮料,莓好百利 一口沁甜！百利草莓奶油味，利口酒
0513,电子数码,27h超长续航 多设备双链接
0514,家用电器,抵御紫外线 打造强韧秀发，松下水离子人鱼吹风机，人鱼姬色，炫彩秀发
0515,家装家居,布衣沙发，小巧多色 节约空间 极简舒适
0516,百货,童趣手账本，经典A6 伴你每一天
0517,活动,Take Coffee Flight，让每一颗咖啡空罐焕发新活力
0518,服饰鞋包,JOYFUL PRINCE，拼接网纱连衣裙，精致优雅公主范，浪漫唯美
0519,个护美妆,水润▪清透
0520,食品生鲜,醋鱼何处美，杭州楼外楼
0521,酒水饮料,“饮”领时尚，“啡”比寻常，咖啡巧克力冰激凌
0522,电子数码,颜值出众，音质不凡
0523,家用电器,音随影动，趣随心行
0524,家装家居,久坐不累，舒适享受
0525,家用电器,活力悦动，洁牙有方
0526,活动,大牌新品，欢迎选购
0527,服饰鞋包,re fashion 潮服抢购 50% 全场满999立减200
0528,个护美妆,欧莱雅黑精华 深入修护 定格年轻 买50ml享100ml
0529,食品生鲜,平价美味 新鲜时光 鲜蔬团购0.99起 立即抢购
0530,酒水饮料,0蔗糖 低脂肪 好喝不发胖 低脂健康好茶 满足对绿茶的所有想象
0531,电子数码,你好，未来 mecbook pro 全新技术 新品开售 12期免息0首付
0532,家用电器,双十大促 PO吹风机 离子风质 呵护秀发 活动价699 
0533,家装家居,质选榜 感恩季 爱家居 爱自己 全场包邮 送无门槛优惠券 
0534,百货,暖冬保温杯 双层不锈钢/超长保温/360°防漏
0535,活动,独立音乐MUSICOASIA 10.24 音乐实验 潮玩模式
0536,服饰鞋包,keep dancing，优雅长裙，舞动青春
0537,个护美妆,your very own master facial，专业定制，属于你自己的面部修复产品
0538,食品生鲜,川味十足，一碗管饱，面食的最佳选择
0539,酒水饮料,RON BOTRAN COBRE，烈酒，浓缩天地精华，绽放秘鲁风采
0540,电子数码,razer 始于玩家，带来极致电竞体验。
0541,家用电器,智能剃须黑科技，全身水洗，智能充电
0542,家装家居,modern furniture for sale，时尚家居新选择
0543,活动,全场百货六折起
0544,活动,亲爱的，圣诞快乐！
0545,服饰鞋包,天猫双11狂欢季 夏日风情 summer flavours 预售甄选6折起
0546,个护美妆,深层营润 滋养美肤 嫩滑肌肤
0547,食品生鲜,秋日特价，蔬果狂欢购
0548,酒水饮料,原装进口，烈性十足
0549,电子数码,纯正音色，尽享原声
0550,家用电器,负离子速干吹风机 抚平毛燥 焕发光泽 吹护3分钟 精致一整天 恒温负离子 低能耗
0551,家装家居,静谧午后 安然享受 点击选购 赋予午后时光真正的意义
0552,电子数码,让世界 静下来 畅享音乐，远离噪音 完全自适应消噪技术阻隔外界干扰，带你进一步走进音乐世界
0553,活动,2021 长江音乐节 10.02 20：00，躁动全场
0554,服饰鞋包,air max 气冲新适界
0555,个护美妆,以自然之源唤醒肌肤的夏天
0556,食品生鲜,特别的口味，新时代的选择
0557,酒水饮料,蠡湖光影 赤马咀，江南手工治酒
0558,电子数码,解锁超能力，全新蓝色，超瓷晶面板，凭硬实力让玻璃面板服软
0559,家用电器,new health lifestyle，健康生活新时尚
0560,家装家居,全民新潮流，家装新方向
0561,百货,儿童陪伴新体验
0562,活动,在一起就可以
0563,服饰鞋包,12.12新品，新的舒适，新的感受
0564,个护美妆,"New start,The one that you worth to have ，给你每一天新的开始"
0565,食品生鲜,享受休闲一刻，牛奶坚果零食
0566,酒水饮料,开拓世界，不断推出优雅精致的葡萄酒
0567,电子数码,疾速使命，智能超频，独显轻薄笔记本
0568,家用电器,空气烤箱，高颜值精巧型，方正悠黑 轻奢 蒸汽主义
0569,家装家居,Create your own combination and sit on it to relax.复古，异域风情
0570,家用电器,恒温负离子 1800W 功率，静享黑科技
0571,活动,构建新格局 重塑云时代
0572,服饰鞋包,春夏新风尚热销中
0573,个护美妆,翌日肌肤更弹嫩
0574,食品生鲜,释放天性 想吃就吃
0575,酒水饮料,清甜不腻 ，波波牛乳茶
0576,电子数码,记录全新美好生活 一键照亮我们的美 
0577,家用电器,一碰就来电，告别开关键
0578,家装家居,摒弃浮华，才能宁静致远
0579,个护美妆,焕然修复洗发露，改善发质，柔顺发梢
0580,活动,618，春季优惠
0581,服饰鞋包,极速升级，突破屏障。立即订购。
0582,个护美妆,科颜氏金盏花爽肤水。金针花的花瓣中含有大量的类黄酮（flavonoids）能够帮助改善痘痘、卓效抗氧舒缓。添加真实金盏花瓣的科颜氏金盏花水配方更新鲜、祛痘舒缓效果更卓越。立即订购。
0583,食品生鲜,浙江台州。砂糖蜜橘。肉满多汁。四季分明，年平均气温17℃，年降雨量充沛，土壤含氧量高。 蜜桔果形整齐，色泽亮丽，肉质脆嫩，风味浓郁。 独特的自然环境成就了其独特的品质。5元/斤。·货源所属商家已经过真实性核验 一箱起批 绿色食品 有机产品 无公害。涌泉蜜桔10斤装 涌泉蜜桔 蜜桔 涌泉柑桔.涌泉桔子
0584,酒水饮料,天然无添加 快捷轻生活。更新鲜 更健康。NFC非浓缩还原更天然。WORLD NUMBER ONR。NEVER FROM CONCENTRATE PURE COCONUT WATER BY ALL MARKET
0585,电子数码,EOS R6。新一代全画幅专微旗舰。建议零售价RMB25，999.受交通、物流等因素的影响，部分地区可能出现收发货时效延长或无法进行收发货的情况， 请注意当地物流公司的相关配送政策，详情请咨询客服。给您带来的不便敬请谅解。
0586,家用电器,平衡滚筒洗衣机。静音低噪，性能超人，大器之选，衣干立停。满1000减100 随机领取大额红包 限时活动 惊喜秒杀。
0587,家装家居,"自由组合沙发。保障您的舒心家装。TÄLLBYN 泰尔比恩。三人沙发 刚纳瑞德 米黄色 柔软舒适 给你极致体验。立即下单享受免配送费服务。¥3,499.00"
0588,百货,酷玩潮游，等你挑选。年中大促，游戏会场。
0589,活动,植物市集。欢乐自然派。地铁九号线、南海大道植物园站。2021.10.1-2020.10.7
0590,服饰鞋包,回力复古小白鞋降价了！
0591,个护美妆,清爽不黏腻 油皮可用
0592,食品生鲜,星巴克咖啡豆，品质
0593,酒水饮料,微醺，也是一种浪漫
0594,电子数码,有线背光游戏键鼠套装，类机械手感，游戏电竞系列
0595,家用电器,天猫双十一，家电换新季
0596,家装家居,家居换新季，生活不讲究，创意，精致，舒适
0597,百货,限时买一送一，只为延续美好
0598,活动,七夕特惠活动，爱ta就购了
0599,服饰鞋包,sale now 60% price，青春时尚新选择
0600,个护美妆,花蜜系列晚霜，非凡护肤功效，奢悦感官体验
0601,食品生鲜,坚信高品质酸奶产高品质奶酪......
0602,酒水饮料,气弹超刺激，无糖轻负担......
0603,电子数码,5nm麒麟9000旗舰芯片，有线无线双快充......
0604,家用电器,巴慕达小型烤箱，简约复古
0605,家装家居,90% price......，舒适温暖，跳脱设计
0606,百货,电子百货80%price
0607,活动,仙人掌大促销，和我们一起走进大自然吧
0608,服饰鞋包,活力少女进行时
0609,个护美妆,舒缓柔肤，清爽顺润，果漾马鞭草润肤乳
0610,食品生鲜,个大饱满，颗颗甜蜜；现摘现发，场地直发。
0611,酒水饮料,丹波葡萄酒，スパークリング 甘口 日本 750ml，气泡适口
0612,电子数码,卓越音质，听你所享
0613,家用电器,应用程序控制；地板、毛毯、毛发一次搞定
0614,家用电器,儿童，台灯照亮每一个孩子的梦想。
0615,百货,只为用心做好每一份礼物
0616,活动,全球购潮人节；gogogo
0617,服饰鞋包,今日最大牌，成为时尚的代言人
0618,个护美妆,2021圣诞彩妆 限定创作，香奈儿炫亮魅力唇膏5号系列
0619,食品生鲜,够酸 够辣 够过瘾
0620,酒水饮料,小仙女喝的酒，时节新饮，夏日狂欢季
0621,电子数码,小身材 大作为，黑卡数码相机
0622,家用电器,限时特惠 立即抢购，无叶暖风扇，全新喷射控流技术
0623,家装家居,立即下单享受 免配送费服务，斯德哥尔摩北欧风
0624,百货,秋冬热销季 限时特价99，可爱少女心
0625,活动,春夏好物集结 限时限量发售
0626,服饰鞋包,忠实守护着您宝贝的双脚
0627,个护美妆,快修复，强稳定，兰蔻小黑瓶，二列酵母，酵母精粹
0628,食品生鲜,好吃美味，梨香十足，团购狂欢价
0629,酒水饮料,清爽入口，漫调一刻
0630,电子数码,精致办公，品质生活，变焦镜头，清晰保障
0631,家用电器,泵式蒸汽，一机多用，智能咖啡机
0632,家装家居,经典家具，符合更多人的选择
0633,百货,mockup马克杯订制，年轻个性选择
0634,活动,wish you a happy day，一起狂欢，放松生活
0635,服饰鞋包,千里之行，始于足下
0636,个护美妆,一抹柔焦少女肌
0637,食品生鲜,海捕大鲳鱼，新鲜美味
0638,酒水饮料,茶兀，自成一派
0639,电子数码,一样的音乐，不样的享受
0640,家用电器,扫洗拖三合一，品质更出众
0641,百货,两用摇马，快乐长大，多功能儿童摇马
0642,百货,飞行员系列，源自梦想追寻，光照此刻此生
0643,活动,各大名品，全球限量
0644,服饰鞋包,training/special/春季上新 2021/4/15，运动训练跑鞋，焕发你的色彩
0645,个护美妆,"森林的空气放松犹如绿叶翻动着的惬意与舒适GUCCI MEMORY PERFUME/""Close your eyes, let the fragrance of perfume take you to freeze in heartbeat moment""/This is followed by elegant woody notes of vanilla and cedar and sandalwood"
0646,食品生鲜,"青瓜沙拉/7折售！/99KJ/减肥必备/新鲜果蔬/HAPPY FOOD,HAPPY LIFE!"
0647,酒水饮料,浪漫蜜桃 夏至上线/glass bottle/20201/8/11
0648,电子数码,青春配色，尽显活力/立即体验
0649,家用电器,小细节/大不同
0650,家装家居,限时优惠/森系沙发
0651,百货,号外！号外！/生活无聊不怕， 盲盒给你快乐。/马戏团/抢购/
0652,活动,2021冬季限定大礼包
0653,服饰鞋包,"夏季潮流新品上线，SUMMER,限时包邮，满300减30，立即选购，EARLY SUMMER SUIT,活动时间：2021.6.17——2021.9.12"
0654,个护美妆,清爽一夏，年轻肌肤的首选
0655,食品生鲜,"满50减12，满30减5，火锅节，点击查看，开心美味热翻天，Happy delicious hot day,活动时间2021.10.15-2021.11.15"
0656,酒水饮料,"意大利香槟、醇厚精致Champagne,SPUMANTE VANESSA,From Italy Asti,Mellow&Delicate"
0657,电子数码,2021新风尚，极速性能，限时特惠5.8折，心动难挡，活动时间2021.10.31-2021.11.15
0658,家用电器,购买套装家电送超级大礼包，智能洗衣机 科技触控
0659,家装家居,"生活故事，舒适，和平，诺迪克风格沙发，时尚新风尚,立即选购"
0660,百货,青春风尚，少女雨伞的第一选择
0661,活动,青年音乐节，青年音乐节·玩出你的YOUNG，扫码参与，甩掉不开心·聆听天籁音
0662,服饰鞋包,出色面料，魅力款式，高雅选择
0663,个护美妆,愿望之光心钻WISH PINK DIMOND； 钻石是星云落入地球的产物，——献给一位将自己围绕在浪漫与神秘氛围之中的女性
0664,食品生鲜,满满的肉，至高享受，能量披萨，奥尔良培根，意大利香肠
0665,酒水饮料,100%纯果汁，健康，新鲜
0666,电子数码,ECHO奏响你的世界；HD立体音质，超强低音
0667,家用电器,轻风除湿机；低噪，节能；高效，给生活一点呼吸
0668,家装家居,FABRIC； comfortable；北欧风情，精致生活
0669,百货,"""畅饮“BEDDYBEAR运动水杯，夏季新品抢先购"
0670,活动,DESIGN2021潮世纪创意市集;FASHION WORLD CREATIVE FAIR，上海当代艺术馆
0671,服饰鞋包,秋冬系列 LEDIN携手萌趣好友LINE FRIENDS 带你进入色彩乌托邦 带给少女们新鲜与能量给日常生活注入满满的活力 小彩盾面包服
0672,个护美妆,轻润净透空气防晒霜 SPF50+ PA++++强效防晒紫外线防护 质地轻盈，SPF50+ PA++++防晒乳强效抑制由紫外线、红外线等环境因素引起的肌肤表面损伤。空气防晒霜，令肌肤焕发透亮的光采 含有AtmosphereTherapyComplexO配方。产品帮助肌肤抵御因日晒引起的损害。 PITERATM一乳糖酵母样菌发酵产物滤液烟酰胺烟酰胺 (same) Opuntia extract - 水解梨果仙人掌(OPUNTIA FICUS INDICA)花提取物 质地轻盈、易吸收、不油腻
0673,食品生鲜,众多明星青睐的蛋糕。A cake favored by many stars.LECAKE诺心 巧克力布朗尼 层层复合味蕾 造就难以言喻的经验口感 delicious巧克力酱 会员尊享85折 黑森林蛋糕可可粉
0674,酒水饮料,"新品上市 Ingredient list jelly ,strawberry,aa 奶油草莓冻奶茶Bubbie tea 15元新品折扣价不|负|春小日|好|时|光IN YOURLIFE"
0675,电子数码,"Sony' s Purpose SONY DSC-RX100M7黑卡数码相机 -建议零售价 RMB 7,799.0一(24-200mm蔡司镜头实时眼部对焦4K HDR视频拍摄RX100 VI)最高可享3期免息，可免179.38元手续费，低至2599.67元/期用创意和科技感动世界 Fill the word with emotion ,through the power of creativity and technology.加入购物车"
0676,家用电器,"Dyson supersonic Dyson SupersonicM吹风机，HD08黑镍色，5款造型风嘴，包括全新防飞翘风嘴。智能温控技术。，戴森V9数码马达驱动。买即赠吹风机专属臻选礼盒，送完即止￥3,190了解更多，每一处细节，都尽善尽美，核心功能全新防飞翘风嘴3档精确风速设置4档精确温度设置"
0677,家装家居,北欧沙发，清新高雅，纯净复古
0678,电子数码,HUAWEI Sound X'，华为|帝瓦雷联合设计DEVIAL ET声声，出色，幻彩光随声动|，帝瓦雷8单元三分频分布式音响系统，三分频层层精妙，韵律声声动人，三分顿高端设计
0679,活动,金秋十月特促 our story begin 10.1-10.30
0680,服饰鞋包,新轻盈系列，女款跑步运动鞋，弹力青春
0681,个护美妆,大马士革玫瑰花瓣水，滋润补水，细致毛孔，调理肌肤
0682,食品生鲜,艺术品一般，对待每一块甜品，lanmo高端甜品
0683,酒水饮料,醋意桃桃，q弹果冻，混搭风味
0684,电子数码,风动，心不动，智能降噪，长久续航
0685,家用电器,一分钟冲龈，清新口气
0686,家装家居,观云禅椅，重构，重现，重塑
0687,百货,超值钜惠，岁末狂欢，圣诞大促
0688,活动,春节出游，燥起来，樱花季
0689,服饰鞋包,新势力周，时尚七九折
0690,个护美妆,清新淡雅，干净
0691,食品生鲜,新鲜每一天
0692,酒水饮料,东京都，软心，和果子
0693,电子数码,绮幻森林
0694,家用电器,滋养柔顺，黑科技
0695,家装家居,加入购物车，慵容 · 全真皮羽绒沙发
0696,百货,一泵洗8件，机洗至尊
0697,活动,探索自然的秘密，春天的歌系列
0698,服饰鞋包,追球梦想，没有终点
0699,个护美妆,破译肌肤生物标记，提升年轻指数
0700,食品生鲜,清甜柠檬 爽口来袭，天然，有机，新鲜，营养
0701,酒水饮料,summer 冰爽柠檬，清凉一夏
0702,电子数码,为声音而造 为感动而生
0703,家用电器,special in boutique coffee equipment，转为咖啡设计，时尚新品上线
0704,家装家居,Furniture Sale，清雅华丽家装，复古上新
0705,服饰鞋包,New season，炫酷季节新品，年轻新潮流
0706,活动,躁动城市，乐动你心
0707,服饰鞋包,李宁秋季新品 店铺特惠 热卖商品享8折优惠 2021/10/22——2021/11/10 like
0708,个护美妆,神仙水限定版SK-II 经典PITERA™ 精华露，精研晶莹剔透美肌，现倾情推出独家限定版。开启晶莹剔透之旅。立即购买
0709,食品生鲜,HOME MUNE MORE心情惬意，来碗沙拉吧Freash Salad蜜汁处理过的鸡胸肉，搭配嫩滑炒鸡蛋和美味车达芝士，创新的用菠菜风味卷饼包裹一口下去，馥郁香气和丰富口感立刻充满口腔，令人回味无穷。BUY IT 实际产品以门店供应为准
0710,酒水饮料,柚遇见你 7月june8月august SUMMER MEET 满杯西柚乳酸菌20元
0711,电子数码,HUAWEI P50 Pro万象新生原色影像、超高清画质、超级变焦和 AIS Pro 超级防抖，开启影像新生。4360 mAh 大电池搭配 66 W 华为有线超级快充和 50 W 华为无线超级快充，优雅之下，实力爆表。了解更多
0712,家用电器,Hair Drier 戴森电吹风机HD03智能温控离子护发
0713,家装家居,Comfort Life FURNITURE 打造格调生活 意式低靠背设计，靠背与扶手等高形成一条简约流畅的线条，周围的色彩碰撞，显得并不简单，创新独特的设计思路，美观之下又非常的实用。了解更多 9875624589@qq.com MORE INFO 70% OFF
0714,服饰鞋包,全球好物价到 低至每满300减40 Taobao 11.11 festival Taobao 11.11 festival Taobao 11.11 festival 活动最终解释权归淘宝所有
0715,活动,潮流造物节2021/10/16全球精选好物满200减15满300减30
0716,服饰鞋包,FASHION；秋季新品；NEW IDEA OF BEAUTY；时尚潮流新主张；全场满200减50 限时优惠；09.29-10.03
0717,个护美妆,玫瑰轻奢淡香水；香水是捂住眼睛也能感受到的‘美妙存在’； 令人心生爱慕的香氛；Rose Eau De Toilettete
0718,食品生鲜,麻辣小龙虾；Spicy crayfish；美味不等待 五折等你来
0719,酒水饮料,冬日新品奶茶，甄选进口奶源 72小时发酵，美味喝不腻
0720,电子数码,FREEDOM；真无线降噪耳机；与音乐为伍；均衡无音效 立体声更震撼；任意切换使用场景 超静音多重降噪
0721,家用电器,多功能 养生壶；智能保温 多段控温 自动断电；8L 大容量；立即购买；304不锈钢 第五代升级保温壶
0722,家装家居,SPECIAL；FURNITURE；简约 舒适 自然；Simple Comfortable Natural；SHOP NOW；Leisure sofa
0723,百货,安心守护 居家必备；植物草本除菌洗手液；75%酒精消毒液；免洗速干 高效杀菌
0724,活动,六一 大放价 好物 等你来；梦想启航 童心飞扬；特卖场；六一儿童节快乐；6月1日-6月3日 限时优惠；满100减50 满200减100 满300减150童节狂欢季；6月1日-6月3日 限时优惠；
0725,服饰鞋包,2022.3.14 - 3.18七折购好礼！全场满300减30 立即选购，春季新品，时尚上线
0726,个护美妆,温和舒缓 女性脱毛-敏感脱毛膏
0727,食品生鲜,合理食材配比，给您健康生活方式，年轻新选择
0728,酒水饮料,桃子口味苏打水
0729,电子数码,无线充电宝，新科技
0730,家用电器,扫刮一体，专为养猫人群设计 胶刷去除顽固污渍 ｜模块设计易于更换｜硅胶垫设计｜智能猫咪喂食
0731,家装家居,For a simple life，遇见北欧，焕然一新 享受生活，活动时间：2021.11.11-2021.11.18
0732,百货,音乐创新生活，时代的选择
0733,活动,飞盘电音节 2021.10.21-24 立即购票
0734,服饰鞋包,"THE RENEISSANCE；新复古主义女装，秋季焕新；New Look, New Collection"
0735,个护美妆,紫苏精粹，亮采新生
0736,食品生鲜,阳山特级/果园直送，冷链保鲜/have a peach day
0737,酒水饮料,柔顺口感，超乎想象
0738,电子数码,六大运动功能，智能识别；326PPI视网膜屏幕，全屏实力
0739,家用电器,三重防护，智能呼吸
0740,家装家居,GOOD NIGHT；极有家，最懂你的家
0741,百货,time of healing；療愈時光 杏仁甜香
0742,活动,开学钜惠，限时折扣
0743,服饰鞋包,NEW夏季新衣
0744,个护美妆,东方木质香调，行走的荷尔蒙，男士香水
0745,食品生鲜,皮薄馅足，口感细腻
0746,酒水饮料,RIO微醺，一个人的小酒
0747,电子数码,精彩人生，实时掌握 数码微单
0748,家用电器,焕新季，绿色清新，给您舒适的居家空气
0749,家装家居,北欧家具 源自北欧设计，用心打造品质生活
0750,百货,护肤有道，抗菌洁颜面巾
0751,活动,爆款尖货热销 全场商品低至五折
0752,服饰鞋包,"蔻驰山茶花/麦迪逊系列；Wear it, love it, pass it on.since 1941"
0753,个护美妆,香奈儿蔚蓝男士淡香水
0754,食品生鲜,有事没事整点乐事
0755,酒水饮料,宝矿力水特，运动出汗，快速补水
0756,电子数码,放胆征服，所有不服
0757,家用电器,智能控风，静佳入睡
0758,家装家居,北欧风简约实木家具，现代生活家装精选
0759,百货,颜值在线，整洁不乱；硅胶提手/镂空设计/节省空间
0760,活动,林兹电子艺术节，Ars Electronica Festival
0761,服饰鞋包,潮流时尚设计
0762,个护美妆,新生塑颜系列 紧轮廓\赋弹力\淡细纹 触启肌源细胞 呵护紧致小脸
0763,食品生鲜,回味烘培 好味道，你知道
0764,酒水饮料,品味本真
0765,电子数码,遇见多彩的视界
0766,家用电器,全自动多功能 冷热豆浆机
0767,家装家居,北欧沙发 高端布艺
0768,百货,韧在维达，全家乐享
0769,活动,放飞童心 释放自我
0770,服饰鞋包,秋冬上新；时髦风尚，秋冬必备；10.26；NEW IN AUTUMN AND WINTER
0771,个护美妆,海蓝之谜经典精华面霜；加入购物车
0772,食品生鲜,豚骨海鲜面；新品尝鲜25元/份；传统老字号
0773,酒水饮料,快乐出“萄”；第二杯半价哦；多肉葡萄奶盖；活动时间：10.20-10.23；扫码下单 立即购买
0774,电子数码,超级新品日；HUAWEI 20 Pro；立即预约；10月30日18：00立即开售
0775,家用电器,恒温呵护 热而不烫；体验价：108元；57℃；柔顺舒适，快干，不损伤头皮和发质，拒绝传统高温烘烤模式
0776,家装家居,为舒适而生；即可享受；furniture fashion
0777,活动,狂欢夏日；炎炎夏日 有你陪伴；summer fun
0778,活动,Travel in Hainan；美兰国际机场离岛免税店；点击了解更多
0779,服饰鞋包,早春潮流；立即查看
0780,个护美妆,CPB；Nighttime moisturizer；舒缓愈颜 夜间重塑美肌
0781,食品生鲜,树莓巧克力；raspberry chocolate；丰富夹心口口爆浆
0782,酒水饮料,薄荷青柠；整棵柠檬，爆爽一夏
0783,电子数码,nova 3i；全新人工智能芯片麒麟710；华为首款12nm芯片；四大核加持
0784,家用电器,智能剃须 智享生活；FLYCO FS339；全身水洗，无敌续航
0785,家装家居,年轮系列；中式家居全新发布；立即预定
0786,百货,时尚百货 应有尽有；开年大促！尽享实惠！；点击进入
0787,活动,潮流音乐节 成都 2021.10.17
0788,服饰鞋包,秋日私语comme amour全场女装八折
0789,个护美妆,明星白泥，口碑只选 淡斑美白 “泥”决定
0790,食品生鲜,大闸蟹狂欢季 两件八折 领券满599减80 领券1099减150（仅限12月8日使用）立即抢购
0791,酒水饮料,全厂饮品买一送一 领劵满99减20 满150减50(仅12月8日使用)立即抢购
0792,电子数码,Dell戴尔灵越3511英特尔酷睿i5轻薄便携笔记本 给你细致关怀贴心服务 看看戴尔怎么让一切依你而为
0793,家用电器,Amazon亚马逊音响 掌握核心科技，智能音响，有种享受叫做天籁
0794,家装家居,北欧布艺沙发Nordic cloth art sofa 点击了解详情
0795,百货,百货大折扣 领券满599减80 领券1099减150全场咖啡九折(限10月10日-10月20日)
0796,活动,中秋快乐
0797,服饰鞋包,重磅来袭 全场五折
0798,个护美妆,存粹草本 极致享受，双11特惠 天猫专卖
0799,食品生鲜,"BBQ烧烤,11/11-11/12 , 50%OFF"
0800,酒水饮料,精品咖啡 ， 美好生活 尽在双11
0801,电子数码,全新系列 炫动来袭 ，10/18-11/11
0802,家用电器,"简约极致 点亮生活 , 10/11-11/11"
0803,家装家居,30%off ， 双11家居节 ，优选家具 品质保障
0804,百货,11月1日零点开抢，双11品质百货节，满300减40
0805,活动,万圣节，捣蛋快乐
0806,服饰鞋包,沙漠战靴、一双会呼吸的鞋、好原料决定好风格、内外兼修·舒适呵护、防滑耐磨·休闲工装、Good ingredients determine good style
0807,个护美妆,四效合一，亮肤遮瑕、养肤润燥好底妆
0808,食品生鲜,ICE CREAM、奶香软式冰淇淋、冰淇凌是暑假最好的代表
0809,酒水饮料,1644rose、欣赏法式优雅 神秘钴蓝瓶身、1644桃红啤酒、尽享法式风情、Taste the French way of life
0810,电子数码,耀眼金属质感、无线蓝牙耳机、BRANDBRAND、立省100享6期免息、超级无感佩戴/高清卓越音质/24h强悍续航、立即抢购、RMB：199
0811,家用电器,“会说话”的扫地机器人、耀世首发、多重模式/定时预约、限时特惠价：1899RMB
0812,家装家居,全民家装节、北欧格调、百款特惠新品、家居新风格、全场两件低至9折，三件低至8折
0813,百货,个性美食生活百货、百货好物大抢购、10.1-10.10、毛巾第二条半价、煎锅低至8折起、查看详情
0814,服饰鞋包,新品上市、初秋来袭、new products listed、全场8折起、autumn、查看详情
0815,服饰鞋包,仿水晶的切割过程中精益求精，举世闻名，屹立不倒
0816,个护美妆,小黑屏精华，一抹抗初老，年轻新生
0817,食品生鲜,喝着清澈的水，听着悦耳的鸟鸣，吃着郁郁葱葱的青草，呼吸着新鲜的空气
0818,酒水饮料,香草、浆果、椰汁的香气混合
0819,电子数码,为荣耀而生
0820,家用电器,找到每份食材的专属压力有岁月沉淀的人来接单 需要一篇完整的品牌故事
0821,家装家居,"家居好物，新品吊椅，New product hanging chair，最舒适 Most comfortable，最温暖 Most warm，最贴切 Most appropriate，过最舒适的生活 - 做最舒服的自己， 限时抢购,立减99元"
0822,酒水饮料,香草、柠檬、橘子的香气混合
0823,活动,电器专场，今日特惠
0824,服饰鞋包,年轻新时尚
0825,个护美妆,闪亮肌肤，呵护肤感
0826,食品生鲜,梦龙蔓越莓樱花，口感倍增
0827,酒水饮料,夏威夷波波冰，清爽一整夏
0828,电子数码,视觉理想 听觉信仰 为年轻时尚发声
0829,家用电器,时光味蕾，我做的饭会呼吸
0830,家装家居,北欧家具促销，绿色健康生活
0831,服饰鞋包,季末清仓，全场五折起
0832,活动,狂欢音乐节 一起high
0833,服饰鞋包,女士经典，人气单品，爆款热销，商场同款，线上五折，随心夏日。
0834,个护美妆,完美女人的香调 拥有清晰分明的层次，却完美融为一体。正如卡希雅．史慕尼雅克 那般优雅动人
0835,食品生鲜,季 节 限 定。8.18 —— 9.30.南海黑金鲍。滋补养生。BLACK GLOD ABALONE CHINA。ABALONE CHINA。
0836,酒水饮料,"内涵不平凡,滴滴如金，一切品自内涵。口感浓郁、醇和、丰润，令人一见钟情的威士忌。Your Best Choice Take a sip, pure and aromatic forever。欢乐无限，饮酒有度。"
0837,电子数码,"HUAWE P40,5G时代，你准备好了吗？"
0838,家用电器,TP 1 RADIO，简练直线条搭配直角边，清新淡雅，干净利落，少，但更好。朋友，音乐就在口袋里，乐享自由。
0839,家装家居,家具换季，人气单品，爆销热款
0840,百货,百件好货，初秋大促。满两件大7.5折。
0841,活动,翠华香扑 水光遥，妆点花钿 上舞翘。international women's day
0842,服饰鞋包,潮流新中式；穿在身上的中国风
0843,个护美妆,蔚蓝男士沐浴液；CHANEL BLEU
0844,食品生鲜,榛果蛋糕；味觉新体验；19.9起；hazelnut cake
0845,酒水饮料,喜茶果汁茶；一半果汁一半茶；Hey tea
0846,电子数码,Huawei mate40 pro+；超越视界尽头，探索未来想象。全新Huawei mate40 pro+，跃见非凡。
0847,家用电器,美的智能家用电器；智能生活可以更美的
0848,家装家居,布艺沙发；时尚亲肤，极致感受；¥299
0849,百货,百货超市；超值特惠、买一送二；抢！
0850,活动,踏春计划；全场满300减30；go into spring
0851,服饰鞋包,热爱 弹力无限
0852,个护美妆,如水如玉，悦洁悦滋润；买1赠1，价值58元眼霜
0853,食品生鲜,每日黑巧darkmilk系列，0白砂糖，可可含量大于等于48%
0854,酒水饮料,梅梅百香果新口味，365h低温慢发酵，喝的到的新鲜水果
0855,电子数码,鲸腔360°立体声
0856,家用电器,紫外线 + 光触媒；双重杀菌只要60秒
0857,家装家居,人像陶瓷花瓶；赋有艺术气息的花瓶，仿佛有千变万化的面孔，呈现多种风情赋予家居品质感
0858,家用电器,暖风黑科技；即开即热，温暖无需等待
0859,活动,夏日啤酒节，全场酒品8折
0860,服饰鞋包,享受自由的时尚，极简女装
0861,个护美妆,纯天然提取，自然香氛系列护手霜
0862,食品生鲜,现煮现做，营养美味
0863,酒水饮料,产自法国，精选葡萄，三年酿造，持久弥香
0864,电子数码,超级快充，麒麟芯片
0865,家用电器,记录极致色彩
0866,家装家居,专业设计团队，给你带来舒适的居家新体验
0867,服饰鞋包,现在开始，去跑
0868,活动,躁动城市，乐动你心
0869,服饰鞋包,天平地安、匹配克极态”天平地安“休闲鞋
0870,个护美妆,OLAY、STAY UP LATE SOS KIT、熬夜急救两件套、弹嫩 · 细腻 · 提亮、零售价￥840、活动价￥769
0871,食品生鲜,桂花坚果藕粉，乐享轻盈
0872,酒水饮料,SPRING、NEW、春季新品、第二杯半价优惠、桃桃鲜芝士&冰淇淋布丁抹茶
0873,电子数码,HUAWEI MateBook X Pro、出挑外形，随时与你优雅同行、1.39英寸3K高清触控屏 | 11代酷睿处理器、商务轻薄笔记本、￥7999起
0874,家用电器,HUAWEI Sound X、华为 | 帝瓦雷 联合设计、声声出色、幻彩光随声动 | 帝瓦雷8单元1三分频 | 分布式音响系统、￥2199*
0875,家装家居,无人化清洁长达30天、清易集尘扫拖机器人、自动集尘 | HiLink全屋联动 | 吸拖一体 | Hi DyNavi全场景规划、活动特惠，前100名赠清洁大礼包、￥2499
0876,百货,11.11、狂欢大促、满30元立减40元、-11月10日~11月12日-
0877,活动,12.12狂欢节、满400元立减50元、—12月11日~12月13日—
0878,服饰鞋包,AIR PURE 2021 LIGHT 轻盈少女感 11/17 RMB：599 Maiden
0879,个护美妆,自然清新肌 天然温和修复安全 原装进口 Night magic 畅销品 富含唤肌精华 满300减20 新客户享9折优惠 老客户赠送专属小样
0880,食品生鲜,大口吃，更美味！ 大口木鱼面包 特制 FRESH FOOD 、A good to enjoy 
0881,酒水饮料,Orio milktea 香浓奥利奥奶茶enjoy life 15rmb 限时售卖价 2021 11.15 start
0882,电子数码,iPhone X hello，未来。机身变小，完美外形，触网设计，反应灵敏，高效性能，续航持久 10月27日开始预售 点击进入
0883,家用电器,全新色彩模式，炫彩生活
0884,家装家居,为生活注入温馨，舒适北欧单沙发 Inject warmth into life HOT
0885,活动,开学计划，文具大促销，全场八五折
0886,活动,亚洲时代音乐节2021 亚洲时代音乐节超级放送 点击观看 TAIHU MUSIC FESTIVAL 11.8 SUN 20:00 START
0887,服饰鞋包,不只是一双鞋，穿出彩，不跟随
0888,个护美妆,个性美妆，让魅力无暇，让万人倾倒
0889,食品生鲜,午餐特卖会，满50减12，满30减5
0890,酒水饮料,夏日限定，仅售六元/杯
0891,电子数码,运动中看到美，静止中欣赏美
0892,家用电器,用心“智”造美好生活，开启健康每一天
0893,家装家居,典藏生活之美，让精致感动生活，北欧格调
0894,百货,荣艺超市，品质生活，精彩由我
0895,活动,快乐零食节 全场7折起
0896,服饰鞋包,春季上新，入店了解详情
0897,个护美妆,"一座充满朝气的花园，大方睿智，青芒果、莲花和芬芳的菖蒲香味,与乳香和槭木气息自然相融"
0898,食品生鲜,植物酸奶，0胆固醇0反式脂肪，含有植物膳食纤维，好喝零负担
0899,酒水饮料,啤酒配烧烤，人生无烦恼
0900,电子数码,X-A7，15-45mm ，微单相机 ，智能型者
0901,家用电器,低脂烘烤，美味健康，升级智能全息触控，NTC精准控温，4.6升大容量
0902,家装家居,时尚配色，潮居之选
0903,百货,冬日亦缤纷
0904,活动,南国书香节
0905,服饰鞋包,更大容量，轻盈坚固。年终大促50%；跨店满减；满300减200，满800减20
0906,个护美妆,精华新年限定版
0907,食品生鲜,中华china；味道
0908,酒水饮料,运动饮料，冰镇更爽
0909,电子数码,运动耳机，享受音乐的快乐
0910,家用电器,一人独酌；壶为器，匠于心；全场包邮
0911,家装家居,五折起！NEW全场；家具上新
0912,家用电器,EARLY SUNMMER new arrival；静音加湿；细腻静音，滋润补水
0913,活动,12.12 天猫年终盛典；超级特惠，引爆冬日时尚季（499元大礼包免费送）
0914,服饰鞋包,CHOCOLATE CREAM 手提、斜跨、真皮、HFresh新品
0915,个护美妆,前调：铃兰 绿叶 中调：丁香 茉莉 木兰 后调：麝香 轻木质香 木兰花粉
0916,食品生鲜,创新流心 口口倾心 一口奢享 三重口感 MX MOONCAKES荣获2021年世界品质评鉴大会金奖，为万家团圆送上，高品质的中秋美味 饼皮金黄诱人，软中带酥，入口嫩滑软糯，浓香萦绕
0917,酒水饮料,"When Life gives you lemon,make lemonade! 柠檬共和国 LEMON REPUBLIC ¥99.8/箱"
0918,电子数码,万象双环设计 美学新生 原色双影像单元 影像新生 Harmony OS 2 智慧生活新体验
0919,家用电器,99.9%除菌率 3分钟快速熨衣 增压大蒸汽 快速除皱
0920,家装家居,符合人体工程学 细腻质感超纤皮 耐磨抗滑
0921,百货,轻量 便携 家用 倾心相遇 极简主义 Go for minimalism
0922,活动,舞台燥起来 活动时间：2021.4.14-4.15 20：00
0923,服饰鞋包,"Ahania X DNT，两面穿仿兔毛绒牛仔外套，给温柔加足马力，2020 Fall & Winter limited edition , KHAKI COAT，50%，2020SS季度新品"
0924,个护美妆,随身携带，遇见清新，2021/11/10
0925,食品生鲜,10月10日联名上新，领券立减5元，双层芝士，绵软松脆
0926,酒水饮料,夏季限定，全新青瓜气泡水，清爽解腻 好喝不怕胖
0927,电子数码,nova 8 pro｜5G 国庆狂欢季 ，24期0首付 ¥3998起，120Hz环幕屏 后置5000万超感知影像
0928,家用电器,真拍打 强除螨，小狗紫外线杀菌迷你除螨神器，11.11预定中，立省500元，MC05 有线除螨吸尘器
0929,家装家居,家具意式极简真皮轻奢沙发，现代简约转角皮艺客厅家具
0930,百货,housekeeper，泡泡玛特·古堡系列，popmart skullpan手办盲盒，密林古堡
0931,活动,"it will be a ferst of prssion,这将会是一场激情的盛宴，扫码进群"
0932,服饰鞋包,NEW SPRING；春季上新；立即领取；2000元新品优惠券，春季时尚第二波
0933,个护美妆,L'OREAL;MEN EXPERT POWER;欧莱雅男士；洁面膏；净化排浊；平滑肤质；清爽补水；点击立即抢购
0934,食品生鲜,深秋美食；美味小食捕获你的胃；消费满200-29；消费满500-59；虚位以待……
0935,酒水饮料,一杯咖啡；快乐如影随形；滴滴香浓/意犹未尽/浓浓情意/丝丝柔情；完美演绎非常的味蕾享受
0936,电子数码,SONY FASHION；高端品牌/雅致音响；让音乐随心动；＄1560；2021/10/17；新品上市 全场优惠；就是这么任性
0937,家用电器,SUPOR KETTLE；家用多功能养生壶；任意倒水免重设；减少粘底易清洗；点击立即抢购
0938,家装家居,QUAN YOU JIA;北欧布艺沙发；现代简约；可拆洗·透气性良好；满1000减100；满3000减500
0939,百货,蓝月亮洗衣液；深层洁净护理；亮白增艳/温和洁净/低泡易漂；全场限时满300减30
0940,活动,双十一献礼；团聚狂欢；点击立即抢购；活动期间 满500减50 满1000减150
0941,服饰鞋包,潮流·开启新衣橱
0942,个护美妆,开启地中海秘境的迷醉邂逅，曼妙突尼斯橙花油邂逅内敛琥珀，辅以西西里岛柠檬、冬季黄柑橘、橙花，创造出令人愉悦的清澈香氛
0943,食品生鲜,日式经典，手艺传承，给您独一无二的味觉体验
0944,酒水饮料,浓醇奶盖，颗颗葡萄
0945,电子数码,一眼相识 瞬间倾心
0946,电子数码,更强手感·更多功能·畅玩热门游戏·支持多人共享
0947,家装家居,给你的家，添点颜色 精心制造·选用高奢面料 专注设计·考量人体工学
0948,百货,源于天然植物的芬芳，呵护双手肌肤，清洁衣物，保护原本的色彩，为生活带来美好体验
0949,活动,圣诞开幕 一年一度，狂欢购物
0950,服饰鞋包,从容出发 稳步前行
0951,个护美妆,一套赋活水光肌，一抹润泽 细腻肤质 持续锁水
0952,食品生鲜,小杯酱，大满足，辣辣辣
0953,酒水饮料,经典调酒配方
0954,电子数码,新效果满满电影感， 不再 止于想象/相机个性化设置， 锁定 你风格/广角摄像大光圈 ，黑夜 放马过来
0955,家用电器,智能互联 三档变温 空间大师 
0956,家装家居,打造气质优雅的舒适客厅
0957,百货,直饮式杯口，随心畅饮，纤巧外型，单手掌握 细腻品质，只为打动你而来
0958,活动,星巢秘境音乐节，神秘幻想
0959,服饰鞋包,服适人生
0960,个护美妆,臻享礼遇，无花果淡香水
0961,食品生鲜,臻享礼遇，无花果淡香水
0962,酒水饮料,全新上市，桃子口味
0963,电子数码,复古系列
0964,家用电器,一心一意 锁住鲜活好滋味
0965,家装家居,更好的生活，新品上线
0966,百货,花香四溢，一粒柔软
0967,活动,我潮我喜欢
0968,服饰鞋包,珍贵饰品，用心精选
0969,个护美妆,无惧寒冬‘呵护你的肌肤’、冬日唤醒套装、give your skin a new life
0970,食品生鲜,新品上市，自然好滋味
0971,酒水饮料,蜂蜜柠檬茶，纯天然无添加，给你甜蜜清新滋味
0972,电子数码,方寸之间，光芒俞现
0973,家用电器,持久之色，薄然出众 QLEDQ60A4K电视
0974,家装家居,极简生活系列家居
0975,百货,懂你的温度，奶酷杯
0976,活动,双十一美妆钜惠
0977,服饰鞋包,有趣就要不一样
0978,个护美妆,遇见你，连空气都沁人心脾
0979,食品生鲜,延喜式，江户鲜
0980,酒水饮料,不乏味，更带劲
0981,电子数码,飞出你的世界，未来无所不能
0982,家用电器,颜值与实力并存
0983,家装家居,极简主义，品质象征
0984,百货,衣物的卸妆液
0985,活动,春季盛会，春光明媚，拥抱春天
0986,服饰鞋包,年年春天穿花衣
0987,个护美妆,致臻防晒 宠爱美肌
0988,食品生鲜,好礼知时节
0989,酒水饮料,嘭——然心动
0990,电子数码,纤毫呈现 精致显示
0991,电子数码,听，不止声音 
0992,家装家居,造作山水
0993,百货,小小玩意
0994,活动,2022年度账单分析报告
0995,服饰鞋包,淘宝造物节，鞋包服饰，便宜不止一点点
0996,食品生鲜,天猫吃货节，新鲜食材送到家
0997,电子数码,新品上市，耀世登场
0998,家用电器,全智能变频空调，一级能效，节能省电
0999,百货,超级品牌日，家居百货榜
1000,电子数码,iPhone XS 称心称手，超值入手。 玻璃配铝金属设计 持久耐用 4.7 英寸视网膜 高清显示屏色彩绚丽
1001,电子数码,WATCH SERIES 7 全屏先手 显示屏更大更先进 耐用性进一步提升 健康功能突破创新
1002,电子数码,DOT Bluetooth  Mechanical Keyboard 圆点蓝牙机械键盘 MAUS Bluetooth Mouse薯片蓝牙鼠标
1003,电子数码,｜复刻FM收音机｜ Lofree洛斐  毒奏FM蓝牙音箱 LED指示灯 FM扭动切换 FM频段指示 充电智能显示
1004,服饰鞋包,SPORTS 轻盈缓震
1005,个护美妆,98%天然精华水，1滴高效保湿修护 重现肌肤透润光
1006,个护美妆,MON PARIS INTENSEMENT，圣罗兰反转巴黎花耀香水
1007,电子数码,健康身心，五彩生活
1008,酒水饮料,延长夏日限定味道
1009,服饰鞋包,极简设计
1010,百货,桌面手持两用小风扇，夏季清风
1011,食品生鲜,白桃蓝莓味，浪漫上线
1012,电子数码,浑然一体，诠释工匠美学
1013,电子数码,万象新生
1014,酒水饮料,萃取奇果汁，共享奇果乐
1015,个护美妆,控油不脱妆，持久遮瑕
1016,家用电器,花样口感，皆可一键搞定
1017,服饰鞋包,缓震足，轻松跑
1018,个护美妆,自然贴合，轻盈遮瑕
1019,酒水饮料,"清凉一夏,热情绽放"
1020,个护美妆,无酸焕肤，即刻提亮
1021,活动,低价超值购
1022,家装家居,轻盈空间，小空间大选择
1023,个护美妆,修护皱纹 胶原满驻
1024,个护美妆,"以花养肤,水润丝滑"
1025,活动,十一月十六 人间小团圆 暖居倍开怀
1026,家用电器,为你的呼吸 保驾护航
1027,家装家居,让灵感发生LIGHTSPACE YOUR INSPIRATION 
1028,酒水饮料,口感轻盈，经典流传
1029,食品生鲜,多些透明，少些距离 彼此安心
1030,电子数码,黑鲨4，突破战力
1031,电子数码,HUAWEI WATCH GT 2  麒麟A1芯片|3D玻璃
1032,个护美妆,欧莱雅注白瓶精华液 焕白美容 安心修护
1033,家用电器,静享生活，一个人的饮谧世界
1034,百货,竹韵清香 万古流芳
1035,个护美妆,亲肤吸收 补水亮肤 锁水宝石
1036,个护美妆,樱花香气，甜美生活
1037,家用电器,RF大三元镜头系列，记录鲜活
1038,电子数码,Iphone13 解锁超能力
1039,百货,每日维生素四种口味陪你健康快乐每一天
1040,电子数码,Apple Trade In换购计划，免费回收，地球受益
1041,服饰鞋包,鸿星尔克 To be no.1 要运动也要潮流
1042,个护美妆,PANDA POO-POO 熊猫噗噗Q香 ——变身天真软萌小宝贝
1043,食品生鲜,流心布朗尼 这不是普通的半熟芝士，这是减肥人士的福音，低糖流心布朗尼，减肥也要快乐吃甜品。
1044,家用电器,金稻直卷发梳 瞬间直发 柔顺亮泽 直卷两用 打造你的美
1045,个护美妆,多芬沐浴露 干净保湿 滋养润滑  滋润美肌洗出来
1046,电子数码,时尚外表，经典设计
1047,家用电器,21”大屏冰箱 大容量不结霜，智能互联
1048,家用电器,极简生活态度
1049,服饰鞋包,至尊无上
1050,家用电器,新品极致体验，洗衣智能生活
1051,个护美妆,呵护娇嫩双手
1052,个护美妆,完美色彩，尊享上妆体验
1053,家装家居,温馨色系 原木设计
1054,电子数码,心无旁骛，减少干扰
1055,服饰鞋包,春季训练新装备
1056,百货,开启盲盒，发现惊喜
1057,百货,因为可爱，值得信赖，波浪大象
1058,个护美妆,奢华魅力香气 如沐花海
1059,酒水饮料,100%柚子 来自日本  适应温度5-10度
1060,电子数码,悦动双耳，与声俱来
1061,百货,“凳”你上座
1062,服饰鞋包,典雅淑女，新品首发
1063,个护美妆,高倍抗晒不抗黑，对抗炎热阳光
1064,家装家居,原木，极简家居
1065,服饰鞋包,时尚、优雅
1066,电子数码,史上最强、最快Xbox，全面发售
1067,电子数码,新拟物，智享生活
1068,个护美妆,着我红妆
1069,活动,两周年购物活动
1070,酒水饮料,尊享奢华口感
1071,家用电器,流动的洁净清新空气
1072,电子数码,时刻待命 无惧挑战
1073,酒水饮料,完美选择，蓝色沙滩
1074,食品生鲜,乐事无限
1075,电子数码,细微之处 才见真心
1076,电子数码,为发烧友而生
1077,活动,一瓣沁心
1078,家用电器,流年岁月 男儿本色
1079,食品生鲜,一个人也能嗨起来
1080,电子数码,暗影疾风，为游戏而生
1081,酒水饮料,一口浓郁 美味随享
1082,个护美妆,肌肤明亮透净 绽放光彩
1083,家用电器,无焦油，美国原装进口
1084,家装家居,舒适自在，轻盈温和
1085,服饰鞋包,无所不能，出色运动表现
1086,食品生鲜,莲雾山高山茶，大山茶口感纯正，大山茶回甘持久，大山茶耐泡茶汤浓度高
1087,服饰鞋包,running，蓄势待发，全力奔跑，休闲减震 / 时尚百搭 / 轻松无负担，欲购从速
1088,电子数码,"5000mAh 大电池,128GB大内存，6.35英寸水滴屏，后置AI双摄，指纹人脸双重解锁"
1089,电子数码,专为游戏而生，尊享游戏体验
1090,个护美妆,成熟女人的味道
1091,家用电器,——净化空气/强风底噪/舒适柔和——，手持挂脖小风扇
1092,活动,炫彩时尚
1093,活动,一切皆为音乐
1094,活动,工业设计大会
1095,服饰鞋包,running，蓄势待发，全力奔跑
1096,个护美妆,BEAUTUY DIOR 关注你的每一个细节
1097,食品生鲜,草莓新生代、幸福时光“莓”你不可（有借鉴）
1098,酒水饮料,冰镇奶茶果汁5折优惠，橘汁四溢
1099,服饰鞋包,时尚童装，绿色生活
1100,家用电器,多重降噪，强效除螨
1101,电子数码,开启身临其境的音乐会
1102,百货,精选纯澳洲小羊毛制成，柔软舒适
1103,活动,决战双十一全民疯抢
1104,食品生鲜,面包口感松软绵软
1105,家装家居,乐享北欧品质生活，清晨鸟语，午后红茶
1106,服饰鞋包,葡萄牙手工制作，橄榄绿色，复古生活
1107,个护美妆,天然植萃，调理肌肤小情绪。犹如漫步在阵雨过后的芳草地
1108,食品生鲜,莓好生活，从蓝莓芝士蛋糕开始
1109,酒水饮料,淡淡的白葡萄和樱花元素无缝结合，爽朗的甘味和清爽的尾韵独具魅力
1110,家用电器,完美细节，纯净美学
1111,家装家居,轻盈元素，温暖照明
1112,活动,故宫原创文化产品，千里江山壶
1113,食品生鲜,半熟芝士马卡龙，甜美来袭
1114,个护美妆,美丽生活，让肌肤喝满水
1115,电子数码,最大的全天候网膜显示屏，拥有比上代增加近20%的屏幕区域
1116,食品生鲜,每周四晚餐供应，每周限量100份
1117,食品生鲜,抹茶甜筒，甜美的夏天
1118,服饰鞋包,轻盈脚感，怀旧经典
1119,食品生鲜,香浓纯正 自然好味 有事没事整点乐事 
1120,服饰鞋包,最方便的使用 相互匹配的设计  弹性卡扣
1121,食品生鲜,Q弹爽滑干米粉搭配高端配菜，与刺骨寒天在街头，嗦一碗地道美味  满碗小料仅售12元  柳州螺蛳粉
1122,个护美妆,防晒霜 清爽洁净，补水保湿
1123,食品生鲜,云彩珍珠奶茶，甜美新口味
1124,个护美妆,玫瑰精粹，奢享护肤体验
1125,电子数码,智能摄影，超广角
1126,电子数码,创造无界，轻盈机身，全面屏
1127,服饰鞋包,灵动小浪花 零感零束缚  fashionstripe
1128,个护美妆,最好的投资是活得漂亮，纯粹色彩，天生女王
1129,食品生鲜,有机蔬菜 还原蔬菜的自然味
1130,活动,ENJOY，舌尖上的美食，SHE JIAN SHANG DE MEI SHI，感受百分百的新鲜美食，在忙碌之际放松身心，美食季，与您共享美味
1131,电子数码,HONOR，荣耀因你而生
1132,家装家居,方寸之间，坐享舒适
1133,服饰鞋包,RUNNING 炫酷出街 潮型自我
1134,个护美妆,奢华魅力，贵妇的选择
1135,电子数码,ISH车载音响 找到属于你自己的音乐 高清品质 尽享轻奢
1136,个护美妆,让你的肌肤喝饱水
1137,酒水饮料,夏日见你，粉丝限定
1138,服饰鞋包,炫彩运动生活，五折起
1139,食品生鲜,吃货好时节，开湖枪鲜尝
1140,酒水饮料,青岛纯生，鲜活人生
1141,家用电器,人工智能语音，超大屏，超享受
1142,家装家居,意式设计、简约风情、质感细密、静谧舒适
1143,活动,种草社区 正式上线
1144,家用电器,专为音乐而生，通透音色
1145,家用电器,多效去渍，刷出钻石白
1146,百货,动感极速，放纵享受
1147,酒水饮料,纯净自然，九十种矿物元素
1148,个护美妆,经典芬芳，传奇不朽
1149,家用电器,多效去渍，刷出钻石白
1150,家用电器,极简 纯净
1151,家装家居,Rovo Solo 栖息凳的设计旨在鼓励积极运动，并因其符合人体工程学和背部友好的特性而超越。
1152,食品生鲜,实现吧，汉堡自由，恭贺新春
1153,家用电器,玩味色彩 别致乐趣
1154,电子数码,精彩满手，轻松入手
1155,家装家居,卓越不凡，经典流传
1156,个护美妆,牡丹、檀香与柠檬的香气，光韵系列
1157,服饰鞋包,重力鞋带系统，穿搭黑科技
1158,活动,故宫上新啦，文创
1159,酒水饮料,野泉烟火白云间，坐饮香茶爱此山
1160,个护美妆,直达肌底，让肌肤喝饱水   兰芝水衡清盈，透润水乳套装
1161,电子数码,旋风黑鲨v2X 职业级电竞耳麦
1162,服饰鞋包,弹力气垫，运动柔软
1163,食品生鲜,一口，酥脆 散发着天然麦香的金黄色曲奇，夹着香浓丝滑的巧克力甜蜜盛开在舌尖 来自北海道的人气伴手礼 小小一片 蕴含着满满心意 是尝过一次就 忘不了的味道
1164,酒水饮料,15%水蜜桃果汁 健康无负担 水蜜桃 季节限定
1165,电子数码,HUAWEI matepad11 平行视界 120HZ高刷全面屏 M-pencil手写笔 ¥2499 立即抢购
1166,家用电器,博世 净效系列洗衣机 德国科技 除菌净衣 99.9%除菌液洗 守护全家
1167,家装家居,LUSH 让平凡的家拥有高品质生活 自由信仰生机
1168,百货,瓷厢记 茶禅一味 粗陶复古 提梁壶套装
1169,活动,11.11提前嗨 购物狂欢季付定金 赢豪礼
1170,服饰鞋包,全新版型，舒适脚感
1171,家用电器,海尔滚筒洗衣机，解放双手
1172,家装家居,色流是一个具有透镜状表面的橱柜，可以根据你的位置和运动改变它的颜色。
1173,酒水饮料,POCARI SWEAT是一种健康饮料，含有类似于人体自然体液平衡的电解质。
1174,活动,海上生明月，天涯若比邻。
1175,百货,全民爱净
1176,个护美妆,玉兰油发光面霜，适合轻熟肌肤
1177,电子数码,沉浸音色
1178,电子数码,照亮你的美
1179,电子数码,徕卡镜头 超清摄像 捕捉精彩
1180,家用电器,强力清除 扫除桌面灰尘
1181,个护美妆,重返年轻 激活青春
1182,活动,年末放假 年终团购
1183,个护美妆,小棕瓶特润精华20ml+特润修护肌透精华露50ml
1184,食品生鲜,抹茶泡芙，甜美滋味
1185,酒水饮料,皮尔森啤酒 你的夏日清凉绝选
1186,酒水饮料,无糖无酒精  减轻负担不减清爽
1187,家装家居,为地球减负，舒适自然
1188,电子数码,享受动感 享受精彩
1189,家用电器,复古微波炉  back to 80s
1190,服饰鞋包,混搭新时尚  个性新风采
1191,百货,百货超市 何以解忧，唯有促销 Department store
1192,电子数码,高清镜面 能做镜子的音箱 loudspeaker box
1193,家用电器,营养美味早餐
1194,个护美妆,复古风韵
1195,电子数码,HUAWEI5G新时代技术创新科技改变未来
1196,百货,喜马拉雅粉盐，薄荷清凉精华成分，天然植萃精华
1197,家装家居,无缝衔接 ，可变换方向贵妃椅，储物空间大
1198,服饰鞋包,共同奔赴属于我们的未来
1199,个护美妆,修护泛红脸，水润有光泽
1200,家用电器,品质生活，智能水壶
1201,食品生鲜,虾路相逢，爱生活爱刺激，爱上小龙虾
1202,个护美妆,轻盈触感，滋润质地
1203,服饰鞋包,中国李宁，国潮当道，运动的艺术
1204,百货,品质，您的生活保障
1205,家装家居,极简
1206,家装家居,北欧特价热卖
1207,服饰鞋包,全新配色，运动潮儿新选择
1208,百货,心动邂逅，浪漫选择
1209,家用电器,颠覆百年吹风机，重新定义干发，黑科技
1210,酒水饮料,品味一种极致，未入喉，已醇香四溢，犹未品，已流露不凡。
1211,食品生鲜,新鲜蔬果，等你来购
1212,服饰鞋包,享受生活 摩登东方
1213,家装家居,时尚家居
1214,电子数码,极端配置 极致畅快  Extreme configuration ultimate pleasure
1215,活动,春季上新 new 满314减99满520减199 new actiyities to enjoy full discount at summer shopping festival
1216,个护美妆,每天做不一样的自己 Be a different person every day
1217,家装家居,2021 product 低调奢华 极致享受 Let you feel the warmth of home 做有温度的家具
1218,食品生鲜,马卡龙与甜蜜梦想
1219,酒水饮料,透心凉心飞扬
1220,家用电器,品质生活从智能开始 新品上线敬请期待 品质生活  爱生活 LOVE YOUR LIFE LOVE YOURSELF
1221,服饰鞋包,大狂欢 CRAZY SALE 专享直降 尊享满减 双十一零点开售 TIME：11.11 0：00 专场你让自己成为别人眼中的风景 Exclusive straight descent and full reduction
1222,电子数码,强的很，能力强悍提升，体验全面刷新
1223,个护美妆,小黑瓶，眼部肌底精华，360°旋转按摩亮珠
1224,家装家居,你好家居
1225,服饰鞋包,国朝当道
1226,服饰鞋包,舞动奇迹，玩转青春
1227,个护美妆,融合诗意创作，不断绽放恒久之光
1228,酒水饮料,玫瑰酒，清爽味道
1229,电子数码,2400AI摄像，会变色更潮美
1230,家装家居,超级热卖，七折起
1231,百货,随时随地，记录幸福时刻
1232,服饰鞋包,撞色拼接，创无极限
1233,个护美妆,清透般水润亮泽，天然持久显色
1234,家用电器,小巧美观，温暖生活
1235,食品生鲜,比利时巧克力配方更丝滑
1236,家用电器,一人食，美好食光
1237,电子数码,简约之美，生而强大
1238,活动,二十四节气之一，收获之时，立秋
1239,个护美妆,Fromn；Moisture fresh toner；以其创新配方引领美容、个人护理和健康潮流；设计清晰明了， 精心打造，适合任何人的生活。
1240,活动,新年快乐
1241,食品生鲜,超级拼单日、包邮低至9.9元/个、限时抢购
1242,服饰鞋包,全场3折起、上衣/裤子/帽子
1243,家装家居,喜迎国庆、全场满500减200，满1000减500
1244,电子数码,13PRO全新震撼上市
1245,电子数码,此刻，极致体验，颜值与实力匹配，立即购买
1246,电子数码,时尚新品，金属雕琢，科技改变生活，8G＋64G大内存全面屏，售7699，点击购买
1247,家装家居,北欧极简，给您一个五星级的家
1248,活动,圣诞狂欢季，买就送平安果一个
1249,个护美妆,丝柔雅致唇膏，复古国风
1250,电子数码,Aura studio3 音乐琉璃桌面音箱 震撼低音 魄力十足
1251,个护美妆,乘风破浪 扬帆起航
1252,百货,创意个性 北欧风台灯 点亮生活 值得拥有
1253,个护美妆,茶萃精华，年轻肌肤
1254,个护美妆,诱惑与迷人
1255,电子数码,高雅态度，个性自我
1256,个护美妆,水润质地，即刻舒缓
1257,个护美妆,沁水清爽淡香氛
1258,个护美妆,清新是它的主旋律，充满活力的抽象花香调彰显摩登个性
1259,个护美妆,世界如此美丽
1260,活动,送礼送亲情
1261,电子数码,Relation照片打印机，记录精彩瞬间、旅行无忧
1262,家用电器,空气循环加湿器，纳米细腻雾，空气自循环
1263,活动,五折热卖
1264,电子数码,发现未知，探索世界
1265,个护美妆,让每一寸肌肤都能轻盈舞蹈
1266,个护美妆,将你引领入一片胜土，那里无拘无束，纯美洁净
1267,个护美妆,融蕴格兰维尔玫瑰花朵  及花茎双重奢能，  深彻修护，  肌肤年轻赋活。  
1268,酒水饮料,健康肠道新生活
1269,个护美妆,水润补水肌肤系列
1270,家装家居,2021简约·更舒心雅致/清新/文艺
1271,家用电器,美的加湿器，让生活更美的！
1272,个护美妆,柠檬精油，清醒一整天
1273,酒水饮料,夏季特饮，狂欢必备
1274,家用电器,开启“没螨”生活，健康新生活
1275,活动,bang 搞事情 全场五折特卖
1276,食品生鲜,草莓饮品，享受美好时光
1277,百货,又名白帝青花瓷是中国瓷器的金流品种之一
1278,个护美妆,别具魅力，真我柔情淡香水
1279,家用电器,外有冷风吹，内有小冰箱，夏日神器
1280,家用电器,遇见空气未来 臻享生活进化 MOLMO空调华南城市穿越直播之旅
1281,电子数码,洞见星河
1282,个护美妆,肌初赋活精致精华水
1283,百货,春季踏青
1284,服饰鞋包,鹤湖心镜   龙岗文创手信
1285,个护美妆,极致复活紧密滋润肌肤璨然重生
1286,活动,故宫上新啦，文创
1287,活动,月饼8折 共度中秋  海上升明月 天涯共此时 
1288,活动,女神节，时尚潮流等你来
1289,活动,民俗传统二十四节气
1290,活动,国庆热烈庆祝祖国诞辰
1291,酒水饮料,四种口味任你选择，浓咖啡饮料
1292,酒水饮料,让年轻人爱上白酒
1293,酒水饮料,深度 不靠外表 真情 不重形式
1294,活动,清明时节雨纷纷，路上行人欲断魂。借问酒家何处有，牧童遥指杏花村
1295,活动,冬天你好
1296,活动,国庆热烈庆祝祖国诞辰
1297,百货,商场甩卖大减价 传统老字号 始于1921
1298,家用电器,“桃”你开心，空气如新
1299,活动,母婴专场 年终好物节
1300,活动,合唱中国，致敬经典，保卫黄河
